{
  "version": 2,
  "builds": [
    {
      "src": "package.json",
      "use": "@vercel/next"
    }
  ],
  "routes": [
    {
      "src": "/(.*)",
      "dest": "/$1"
    }
  ],
  "env": {
    "NEXT_PUBLIC_API_URL": "https://api.mononio.com",
    "NEXT_PUBLIC_APP_URL": "https://mononio.com",
    "NODE_ENV": "production"
  },
  "functions": {
    "app/**": {
      "runtime": "@vercel/node@18"
    }
  },
  "rewrites": [
    {
      "source": "/api/:path*",
      "destination": "https://api.mononio.com/:path*"
    }
  ],
  "headers": [
    {
      "source": "/(.*)",
      "headers": [
        {
          "key": "X-Frame-Options",
          "value": "DENY"
        },
        {
          "key": "X-Content-Type-Options", 
          "value": "nosniff"
        },
        {
          "key": "X-XSS-Protection",
          "value": "1; mode=block"
        },
        {
          "key": "Referrer-Policy",
          "value": "strict-origin-when-cross-origin"
        }
      ]
    }
  ]
} 